"DESCRIPTION","DURATION IN MS","NAME","PARENT SUITE","START TIME","STATUS","STOP TIME","SUB SUITE","SUITE","TEST CLASS","TEST METHOD"
"","2857","finds a relevant product through the global search @smoke @regression","chromium","2026-09-29","passed","2026-09-29","Storefront smoke coverage","","",""
"","2187","loads category pages with acceptable performance @regression @performance","chromium","2026-09-29","passed","2026-09-29","Performance regression coverage","","",""
"","6028","invalidates browser back and refresh after logout from an authenticated page @regression @auth @security","chromium-authenticated","2026-09-29","passed","2026-09-29","Authenticated security-oriented coverage","","",""
"","3858","forces re-authentication when the session cookie expires @regression @auth @security","chromium-authenticated","2026-09-29","passed","2026-09-29","Authenticated security-oriented coverage","","",""
"Creates a unique account for the current run so authenticated suites stay isolated on the public demo site.","3933","registers a fresh customer account and saves authenticated state @setup @auth","setup","2026-09-29","passed","2026-09-29","Run-scoped account setup","","",""
"","6639","redirects protected routes to login after logout @regression @auth @security","chromium-authenticated","2026-09-29","passed","2026-09-29","Authenticated security-oriented coverage","","",""
"","2090","loads the homepage within acceptable performance thresholds @regression @performance","chromium","2026-09-29","passed","2026-09-29","Performance regression coverage","","",""
"","4996","creates a new address book entry for the authenticated customer @regression @auth","chromium-authenticated","2026-09-29","passed","2026-09-29","Authenticated account regression coverage","","",""
"","3268","adds a featured product to the cart through the happy path @smoke @regression","chromium","2026-09-29","passed","2026-09-29","Shopping smoke coverage","","",""
"","2040","performs search operations with acceptable response times @regression @performance","chromium","2026-09-29","passed","2026-09-29","Performance regression coverage","","",""
"","1870","shows a clear empty-state message when search criteria return nothing @regression","chromium","2026-09-29","passed","2026-09-29","Search regression coverage","","",""
"","4442","adds products to comparison from the category listing @regression","chromium","2026-09-29","passed","2026-09-29","Catalog and cart regression coverage","","",""
"","1949","redirects direct checkout access back to the cart when it is empty @regression","chromium","2026-09-29","passed","2026-09-29","Guest cart and checkout guardrails","","",""
"","2600","sorts the desktop catalog by highest price first @regression","chromium","2026-09-29","passed","2026-09-29","Catalog and cart regression coverage","","",""
"","7217","logs out and logs back in with the run-scoped account @regression @auth","chromium-authenticated","2026-09-29","passed","2026-09-29","Authenticated account regression coverage","","",""
"","4244","persists edited account contact details after saving @regression @auth","chromium-authenticated","2026-09-29","passed","2026-09-29","Authenticated account regression coverage","","",""
"","3465","removes a product from the comparison view and returns to the empty state @regression","chromium","2026-09-29","passed","2026-09-29","Catalog and cart regression coverage","","",""
"","2379","expands search results when product descriptions are included @regression","chromium","2026-09-29","passed","2026-09-29","Search regression coverage","","",""
"","3021","renders the homepage and exposes primary navigation entry points @smoke @regression","chromium","2026-09-29","passed","2026-09-29","Storefront smoke coverage","","",""
"This runs separately because shared demo-state and CDN timing can make the live currency UI more volatile than core regression flows.","3726","switches currency and reflects the new symbol on featured product pricing @regression @env-flaky","chromium","2026-09-29","passed","2026-09-29","Environment-sensitive live demo checks","","",""
"","4204","updates the customer newsletter preference from the account area @regression @auth","chromium-authenticated","2026-09-29","passed","2026-09-29","Authenticated account regression coverage","","",""
"","4886","updates cart quantity and removes a product cleanly @regression","chromium","2026-09-29","passed","2026-09-29","Catalog and cart regression coverage","","",""
"","7852","adds a product to the wishlist and keeps it after a reload @regression @auth","chromium-authenticated","2026-09-29","passed","2026-09-29","Authenticated account regression coverage","","",""
"","3083","keeps registration and login entry points reachable from the header menu @smoke @regression","chromium","2026-09-29","passed","2026-09-29","Shopping smoke coverage","","",""
